timestamp,group,original_path,new_path,original_name,new_name
2026-07-10T01:41:51,アンジュルム,C:\Users\misuz\Documents\Downloaded Files\ハロ！コン 2026\アンジュルム\[N]缶バッジ001.png,C:\Users\misuz\Documents\Downloaded Files\ハロ！コン 2026\アンジュルム\[N]缶バッジ001伊勢鈴蘭.png,[N]缶バッジ001.png,[N]缶バッジ001伊勢鈴蘭.png
2026-07-10T01:41:51,アンジュルム,C:\Users\misuz\Documents\Downloaded Files\ハロ！コン 2026\アンジュルム\[N]缶バッジ002.png,C:\Users\misuz\Documents\Downloaded Files\ハロ！コン 2026\アンジュルム\[N]缶バッジ002為永幸音.png,[N]缶バッジ002.png,[N]缶バッジ002為永幸音.png
2026-07-10T01:41:51,アンジュルム,C:\Users\misuz\Documents\Downloaded Files\ハロ！コン 2026\アンジュルム\[N]缶バッジ003.png,C:\Users\misuz\Documents\Downloaded Files\ハロ！コン 2026\アンジュルム\[N]缶バッジ003橋迫鈴.png,[N]缶バッジ003.png,[N]缶バッジ003橋迫鈴.png
2026-07-10T01:41:51,アンジュルム,C:\Users\misuz\Documents\Downloaded Files\ハロ！コン 2026\アンジュルム\[N]缶バッジ004.png,C:\Users\misuz\Documents\Downloaded Files\ハロ！コン 2026\アンジュルム\[N]缶バッジ004川名凜.png,[N]缶バッジ004.png,[N]缶バッジ004川名凜.png
2026-07-10T01:41:51,アンジュルム,C:\Users\misuz\Documents\Downloaded Files\ハロ！コン 2026\アンジュルム\[N]缶バッジ005.png,C:\Users\misuz\Documents\Downloaded Files\ハロ！コン 2026\アンジュルム\[N]缶バッジ005松本わかな.png,[N]缶バッジ005.png,[N]缶バッジ005松本わかな.png
2026-07-10T01:41:51,アンジュルム,C:\Users\misuz\Documents\Downloaded Files\ハロ！コン 2026\アンジュルム\[N]缶バッジ006.png,C:\Users\misuz\Documents\Downloaded Files\ハロ！コン 2026\アンジュルム\[N]缶バッジ006平山遊季.png,[N]缶バッジ006.png,[N]缶バッジ006平山遊季.png
2026-07-10T01:41:51,アンジュルム,C:\Users\misuz\Documents\Downloaded Files\ハロ！コン 2026\アンジュルム\[N]缶バッジ007.png,C:\Users\misuz\Documents\Downloaded Files\ハロ！コン 2026\アンジュルム\[N]缶バッジ007下井谷幸穂.png,[N]缶バッジ007.png,[N]缶バッジ007下井谷幸穂.png
2026-07-10T01:41:51,アンジュルム,C:\Users\misuz\Documents\Downloaded Files\ハロ！コン 2026\アンジュルム\[N]缶バッジ008.png,C:\Users\misuz\Documents\Downloaded Files\ハロ！コン 2026\アンジュルム\[N]缶バッジ008後藤花.png,[N]缶バッジ008.png,[N]缶バッジ008後藤花.png
2026-07-10T01:41:51,アンジュルム,C:\Users\misuz\Documents\Downloaded Files\ハロ！コン 2026\アンジュルム\[N]缶バッジ009.png,C:\Users\misuz\Documents\Downloaded Files\ハロ！コン 2026\アンジュルム\[N]缶バッジ009長野桃羽.png,[N]缶バッジ009.png,[N]缶バッジ009長野桃羽.png
2026-07-10T01:41:51,アンジュルム,C:\Users\misuz\Documents\Downloaded Files\ハロ！コン 2026\アンジュルム\[R1]目印マーカー001.png,C:\Users\misuz\Documents\Downloaded Files\ハロ！コン 2026\アンジュルム\[R1]目印マーカー001伊勢鈴蘭.png,[R1]目印マーカー001.png,[R1]目印マーカー001伊勢鈴蘭.png
2026-07-10T01:41:51,アンジュルム,C:\Users\misuz\Documents\Downloaded Files\ハロ！コン 2026\アンジュルム\[R1]目印マーカー002.png,C:\Users\misuz\Documents\Downloaded Files\ハロ！コン 2026\アンジュルム\[R1]目印マーカー002為永幸音.png,[R1]目印マーカー002.png,[R1]目印マーカー002為永幸音.png
2026-07-10T01:41:51,アンジュルム,C:\Users\misuz\Documents\Downloaded Files\ハロ！コン 2026\アンジュルム\[R1]目印マーカー003.png,C:\Users\misuz\Documents\Downloaded Files\ハロ！コン 2026\アンジュルム\[R1]目印マーカー003橋迫鈴.png,[R1]目印マーカー003.png,[R1]目印マーカー003橋迫鈴.png
2026-07-10T01:41:51,アンジュルム,C:\Users\misuz\Documents\Downloaded Files\ハロ！コン 2026\アンジュルム\[R1]目印マーカー004.png,C:\Users\misuz\Documents\Downloaded Files\ハロ！コン 2026\アンジュルム\[R1]目印マーカー004川名凜.png,[R1]目印マーカー004.png,[R1]目印マーカー004川名凜.png
2026-07-10T01:41:51,アンジュルム,C:\Users\misuz\Documents\Downloaded Files\ハロ！コン 2026\アンジュルム\[R1]目印マーカー005.png,C:\Users\misuz\Documents\Downloaded Files\ハロ！コン 2026\アンジュルム\[R1]目印マーカー005松本わかな.png,[R1]目印マーカー005.png,[R1]目印マーカー005松本わかな.png
2026-07-10T01:41:51,アンジュルム,C:\Users\misuz\Documents\Downloaded Files\ハロ！コン 2026\アンジュルム\[R1]目印マーカー006.png,C:\Users\misuz\Documents\Downloaded Files\ハロ！コン 2026\アンジュルム\[R1]目印マーカー006平山遊季.png,[R1]目印マーカー006.png,[R1]目印マーカー006平山遊季.png
2026-07-10T01:41:51,アンジュルム,C:\Users\misuz\Documents\Downloaded Files\ハロ！コン 2026\アンジュルム\[R1]目印マーカー007.png,C:\Users\misuz\Documents\Downloaded Files\ハロ！コン 2026\アンジュルム\[R1]目印マーカー007下井谷幸穂.png,[R1]目印マーカー007.png,[R1]目印マーカー007下井谷幸穂.png
2026-07-10T01:41:51,アンジュルム,C:\Users\misuz\Documents\Downloaded Files\ハロ！コン 2026\アンジュルム\[R1]目印マーカー008.png,C:\Users\misuz\Documents\Downloaded Files\ハロ！コン 2026\アンジュルム\[R1]目印マーカー008後藤花.png,[R1]目印マーカー008.png,[R1]目印マーカー008後藤花.png
2026-07-10T01:41:51,アンジュルム,C:\Users\misuz\Documents\Downloaded Files\ハロ！コン 2026\アンジュルム\[R1]目印マーカー009.png,C:\Users\misuz\Documents\Downloaded Files\ハロ！コン 2026\アンジュルム\[R1]目印マーカー009長野桃羽.png,[R1]目印マーカー009.png,[R1]目印マーカー009長野桃羽.png
2026-07-10T01:41:51,アンジュルム,C:\Users\misuz\Documents\Downloaded Files\ハロ！コン 2026\アンジュルム\[R2]ミニ巾着001.png,C:\Users\misuz\Documents\Downloaded Files\ハロ！コン 2026\アンジュルム\[R2]ミニ巾着001伊勢鈴蘭.png,[R2]ミニ巾着001.png,[R2]ミニ巾着001伊勢鈴蘭.png
2026-07-10T01:41:51,アンジュルム,C:\Users\misuz\Documents\Downloaded Files\ハロ！コン 2026\アンジュルム\[R2]ミニ巾着002.png,C:\Users\misuz\Documents\Downloaded Files\ハロ！コン 2026\アンジュルム\[R2]ミニ巾着002為永幸音.png,[R2]ミニ巾着002.png,[R2]ミニ巾着002為永幸音.png
2026-07-10T01:41:51,アンジュルム,C:\Users\misuz\Documents\Downloaded Files\ハロ！コン 2026\アンジュルム\[R2]ミニ巾着003.png,C:\Users\misuz\Documents\Downloaded Files\ハロ！コン 2026\アンジュルム\[R2]ミニ巾着003橋迫鈴.png,[R2]ミニ巾着003.png,[R2]ミニ巾着003橋迫鈴.png
2026-07-10T01:41:51,アンジュルム,C:\Users\misuz\Documents\Downloaded Files\ハロ！コン 2026\アンジュルム\[R2]ミニ巾着004.png,C:\Users\misuz\Documents\Downloaded Files\ハロ！コン 2026\アンジュルム\[R2]ミニ巾着004川名凜.png,[R2]ミニ巾着004.png,[R2]ミニ巾着004川名凜.png
2026-07-10T01:41:51,アンジュルム,C:\Users\misuz\Documents\Downloaded Files\ハロ！コン 2026\アンジュルム\[R2]ミニ巾着005.png,C:\Users\misuz\Documents\Downloaded Files\ハロ！コン 2026\アンジュルム\[R2]ミニ巾着005松本わかな.png,[R2]ミニ巾着005.png,[R2]ミニ巾着005松本わかな.png
2026-07-10T01:41:51,アンジュルム,C:\Users\misuz\Documents\Downloaded Files\ハロ！コン 2026\アンジュルム\[R2]ミニ巾着006.png,C:\Users\misuz\Documents\Downloaded Files\ハロ！コン 2026\アンジュルム\[R2]ミニ巾着006平山遊季.png,[R2]ミニ巾着006.png,[R2]ミニ巾着006平山遊季.png
2026-07-10T01:41:51,アンジュルム,C:\Users\misuz\Documents\Downloaded Files\ハロ！コン 2026\アンジュルム\[R2]ミニ巾着007.png,C:\Users\misuz\Documents\Downloaded Files\ハロ！コン 2026\アンジュルム\[R2]ミニ巾着007下井谷幸穂.png,[R2]ミニ巾着007.png,[R2]ミニ巾着007下井谷幸穂.png
2026-07-10T01:41:51,アンジュルム,C:\Users\misuz\Documents\Downloaded Files\ハロ！コン 2026\アンジュルム\[R2]ミニ巾着008.png,C:\Users\misuz\Documents\Downloaded Files\ハロ！コン 2026\アンジュルム\[R2]ミニ巾着008後藤花.png,[R2]ミニ巾着008.png,[R2]ミニ巾着008後藤花.png
2026-07-10T01:41:51,アンジュルム,C:\Users\misuz\Documents\Downloaded Files\ハロ！コン 2026\アンジュルム\[R2]ミニ巾着009.png,C:\Users\misuz\Documents\Downloaded Files\ハロ！コン 2026\アンジュルム\[R2]ミニ巾着009長野桃羽.png,[R2]ミニ巾着009.png,[R2]ミニ巾着009長野桃羽.png
2026-07-10T01:41:51,アンジュルム,C:\Users\misuz\Documents\Downloaded Files\ハロ！コン 2026\アンジュルム\[SR]ソロうちわ001.png,C:\Users\misuz\Documents\Downloaded Files\ハロ！コン 2026\アンジュルム\[SR]ソロうちわ001伊勢鈴蘭.png,[SR]ソロうちわ001.png,[SR]ソロうちわ001伊勢鈴蘭.png
2026-07-10T01:41:51,アンジュルム,C:\Users\misuz\Documents\Downloaded Files\ハロ！コン 2026\アンジュルム\[SR]ソロうちわ002.png,C:\Users\misuz\Documents\Downloaded Files\ハロ！コン 2026\アンジュルム\[SR]ソロうちわ002為永幸音.png,[SR]ソロうちわ002.png,[SR]ソロうちわ002為永幸音.png
2026-07-10T01:41:51,アンジュルム,C:\Users\misuz\Documents\Downloaded Files\ハロ！コン 2026\アンジュルム\[SR]ソロうちわ003.png,C:\Users\misuz\Documents\Downloaded Files\ハロ！コン 2026\アンジュルム\[SR]ソロうちわ003橋迫鈴.png,[SR]ソロうちわ003.png,[SR]ソロうちわ003橋迫鈴.png
2026-07-10T01:41:51,アンジュルム,C:\Users\misuz\Documents\Downloaded Files\ハロ！コン 2026\アンジュルム\[SR]ソロうちわ004.png,C:\Users\misuz\Documents\Downloaded Files\ハロ！コン 2026\アンジュルム\[SR]ソロうちわ004川名凜.png,[SR]ソロうちわ004.png,[SR]ソロうちわ004川名凜.png
2026-07-10T01:41:51,アンジュルム,C:\Users\misuz\Documents\Downloaded Files\ハロ！コン 2026\アンジュルム\[SR]ソロうちわ005.png,C:\Users\misuz\Documents\Downloaded Files\ハロ！コン 2026\アンジュルム\[SR]ソロうちわ005松本わかな.png,[SR]ソロうちわ005.png,[SR]ソロうちわ005松本わかな.png
2026-07-10T01:41:51,アンジュルム,C:\Users\misuz\Documents\Downloaded Files\ハロ！コン 2026\アンジュルム\[SR]ソロうちわ006.png,C:\Users\misuz\Documents\Downloaded Files\ハロ！コン 2026\アンジュルム\[SR]ソロうちわ006平山遊季.png,[SR]ソロうちわ006.png,[SR]ソロうちわ006平山遊季.png
2026-07-10T01:41:51,アンジュルム,C:\Users\misuz\Documents\Downloaded Files\ハロ！コン 2026\アンジュルム\[SR]ソロうちわ007.png,C:\Users\misuz\Documents\Downloaded Files\ハロ！コン 2026\アンジュルム\[SR]ソロうちわ007下井谷幸穂.png,[SR]ソロうちわ007.png,[SR]ソロうちわ007下井谷幸穂.png
2026-07-10T01:41:51,アンジュルム,C:\Users\misuz\Documents\Downloaded Files\ハロ！コン 2026\アンジュルム\[SR]ソロうちわ008.png,C:\Users\misuz\Documents\Downloaded Files\ハロ！コン 2026\アンジュルム\[SR]ソロうちわ008後藤花.png,[SR]ソロうちわ008.png,[SR]ソロうちわ008後藤花.png
2026-07-10T01:41:51,アンジュルム,C:\Users\misuz\Documents\Downloaded Files\ハロ！コン 2026\アンジュルム\[SR]ソロうちわ009.png,C:\Users\misuz\Documents\Downloaded Files\ハロ！コン 2026\アンジュルム\[SR]ソロうちわ009長野桃羽.png,[SR]ソロうちわ009.png,[SR]ソロうちわ009長野桃羽.png
